{"cameraMode":{"drawMode":0,"name":"Shaded","section":"Shading Mode"},"sceneLighting":true,"audioPlay":false,"sceneViewState":{"showFog":true,"showMaterialUpdate":false,"showSkybox":true,"showFlares":true,"showImageEffects":true,"showParticleSystems":true},"in2DMode":false,"pivot":{"x":663.7020874023438,"y":74.37132263183594,"z":-699.6867065429688},"rotation":{"x":0.5147404670715332,"y":0.0641753226518631,"z":-0.03867808356881142,"w":0.8540657162666321},"size":9.266680717468262,"orthographic":false}