{"cameraMode":{"drawMode":0,"name":"Shaded","section":"Shading Mode"},"sceneLighting":false,"audioPlay":false,"sceneViewState":{"showFog":true,"showMaterialUpdate":false,"showSkybox":false,"showFlares":true,"showImageEffects":true,"showParticleSystems":true},"in2DMode":false,"pivot":{"x":0.007245779037475586,"y":1.5961010456085206,"z":-0.05393528938293457},"rotation":{"x":-0.020492184907197954,"y":-0.7299257516860962,"z":0.021904349327087404,"w":-0.6828676462173462},"size":0.5222247838973999,"orthographic":false}