{"cameraMode":{"drawMode":0,"name":"Shaded","section":"Shading Mode"},"sceneLighting":false,"audioPlay":false,"sceneViewState":{"showFog":true,"showMaterialUpdate":false,"showSkybox":false,"showFlares":true,"showImageEffects":true,"showParticleSystems":true},"in2DMode":false,"pivot":{"x":0.06336748600006104,"y":1.5972886085510255,"z":-0.06290483474731446},"rotation":{"x":-0.020492184907197954,"y":-0.7299257516860962,"z":0.021904349327087404,"w":-0.6828676462173462},"size":1.4387626647949219,"orthographic":false}